modelo,n_documentos,tempo_indexacao_ms,tempo_medio_ms,tempo_mediana_ms,desvio_padrao_ms
Busca Linear,100,0.0018,20.641,19.196,5.8615
Booleano,100,12.0787,0.04,0.0358,0.0182
Vetorial,100,16.6609,0.6816,0.6418,0.194
BM25,100,10.7884,0.1197,0.1148,0.0419
LSA,100,112.0439,1.5186,1.3813,0.611
Busca Linear,500,0.0022,84.9541,81.6735,11.4987
Booleano,500,39.3019,0.0367,0.0331,0.0301
Vetorial,500,41.9869,0.9219,0.7964,0.31
BM25,500,39.5603,0.4609,0.3872,0.2422
LSA,500,221.1757,3.5693,3.4383,1.1948
Busca Linear,1000,0.0042,177.4374,170.0343,19.0509
Booleano,1000,82.8365,0.0375,0.0353,0.0131
Vetorial,1000,84.5137,0.9505,0.8727,0.2338
BM25,1000,84.3243,0.8893,0.7632,0.4852
LSA,1000,357.1374,5.0978,4.0924,3.3892
Busca Linear,1673,0.006,300.5512,288.0454,41.855
Booleano,1673,143.5116,0.0403,0.0381,0.0151
Vetorial,1673,137.594,1.1586,1.0576,0.2693
BM25,1673,129.8377,1.7781,1.54,0.9249
LSA,1673,575.3332,6.3573,5.6443,1.7612
